train_loss,train_acc,val_acc,test_acc
1.289288878440857,0.35774647887323946,0.35714285714285715,0.3469387755102041
1.5368598699569702,0.2056338028169014,0.21428571428571427,0.20408163265306123
1.4111137390136719,0.2140845070422535,0.21428571428571427,0.22448979591836735
2.0886502265930176,0.2056338028169014,0.21428571428571427,0.20408163265306123
